-7.257666743134905118e-01,2.276305646955734119e-02,1.000000000000000000e+00
-8.112730906323122326e-01,3.552440931525779888e-02,1.000000000000000000e+00
-7.637942957444465719e-01,1.847136857395526022e-02,1.000000000000000000e+00
-7.203024864174949471e-01,5.648945742723299190e-02,1.000000000000000000e+00
-3.156304386848205468e-01,4.895839005257585086e-01,-1.000000000000000000e+00
-1.913344845697793062e-01,5.498491502603428671e-01,-1.000000000000000000e+00
-5.818058364238822833e-01,3.111190724303014576e-02,1.000000000000000000e+00
-7.754402845457661897e-01,5.712168355239555240e-02,1.000000000000000000e+00
-5.880185218538827030e-01,3.595914950346923433e-02,1.000000000000000000e+00
-6.037182822983595543e-01,4.166139821900287643e-01,-1.000000000000000000e+00
-5.559164917212910950e-01,2.404565994511358440e-01,-1.000000000000000000e+00
-8.451926297129830346e-01,9.591627513873390853e-02,1.000000000000000000e+00
-6.295207641906017670e-01,2.988723040434706490e-01,-1.000000000000000000e+00
-7.659765584830893204e-01,3.571648130309768021e-02,1.000000000000000000e+00
-4.358857730928775709e-01,3.496266390980053984e-01,-1.000000000000000000e+00
-4.298497465715627186e-01,3.395703696587588638e-01,-1.000000000000000000e+00
1.754395868392748525e-01,6.965197052813891787e-01,-1.000000000000000000e+00
-6.445238123087619897e-01,3.251979664855753072e-01,-1.000000000000000000e+00
-7.119407163600044441e-01,9.238416854896058794e-02,1.000000000000000000e+00
-6.654634023507242091e-01,1.115531413088319823e-01,1.000000000000000000e+00
-7.558903897661366500e-01,5.993508773099165410e-02,1.000000000000000000e+00
-6.341976797634742979e-01,8.900481206455879146e-02,1.000000000000000000e+00
-7.077967862660443643e-01,9.184258828099700622e-02,1.000000000000000000e+00
-7.306704950206039939e-01,2.790333632583497092e-02,1.000000000000000000e+00
-5.450843311991775408e-01,3.006339063140330836e-01,-1.000000000000000000e+00
-6.698436045517155435e-01,4.276994360407115892e-02,1.000000000000000000e+00
-7.850243132270406932e-01,2.294937387923710048e-01,1.000000000000000000e+00
-8.004721563374914695e-01,2.944912276143440977e-02,1.000000000000000000e+00
-7.313349231453685206e-01,1.975149275131116156e-02,1.000000000000000000e+00
-2.908755798925994895e-01,4.256069252005545422e-01,-1.000000000000000000e+00
-5.815912585894693621e-01,3.914398730121320114e-01,-1.000000000000000000e+00
-7.460336509611806832e-01,2.136149087164085358e-02,1.000000000000000000e+00
-7.872517560026608407e-01,6.087864981964230537e-03,1.000000000000000000e+00
-5.250564102407224709e-01,2.923919840177404694e-01,-1.000000000000000000e+00
-7.240718177126836963e-01,6.180929428956005722e-02,1.000000000000000000e+00
-6.566683403816568898e-01,4.310863288628752343e-02,1.000000000000000000e+00
-7.735176578607934061e-01,6.817780527489958331e-02,1.000000000000000000e+00
-3.955825843131606234e-01,5.003439896499912720e-01,-1.000000000000000000e+00
-7.838726005138596520e-01,8.626353499130345881e-02,1.000000000000000000e+00
-3.838329549689660780e-01,4.141316836903570220e-01,-1.000000000000000000e+00
-7.980493499926524237e-01,1.734475624107290059e-01,1.000000000000000000e+00
-6.563373483586474322e-01,1.187528001464670524e-01,1.000000000000000000e+00
-7.447302563596167602e-01,9.901338942290749401e-02,1.000000000000000000e+00
-4.327145561546785757e-01,3.845217441557906568e-01,-1.000000000000000000e+00
-5.483080240810522810e-01,8.408975836937315762e-02,1.000000000000000000e+00
-5.546658434177516028e-01,1.395253277441952378e-01,1.000000000000000000e+00
-8.153227956863702275e-01,7.501253004011232406e-02,1.000000000000000000e+00
-7.653775499784387648e-01,2.655926486477255821e-02,1.000000000000000000e+00
-8.174258688686677488e-01,3.438855945205432363e-02,1.000000000000000000e+00
-1.111924676715716487e-01,5.999412707569717895e-01,-1.000000000000000000e+00
-2.772663332125375746e-01,5.111655539694766048e-01,-1.000000000000000000e+00
-2.536713560589305416e-01,6.435927348074983456e-01,-1.000000000000000000e+00
-7.727837608272238867e-01,1.311649263916478958e-01,1.000000000000000000e+00
-6.964256124192615971e-01,3.955494396068388596e-01,-1.000000000000000000e+00
-6.782350753321679804e-01,8.996828120370992110e-02,1.000000000000000000e+00
-3.819867302327111247e-01,3.861489288774464512e-01,-1.000000000000000000e+00
-7.023448425970855169e-01,1.407783071190351620e-01,1.000000000000000000e+00
-8.195959321702730449e-01,1.522765274842186045e-01,1.000000000000000000e+00
-3.360370272130239755e-01,4.687906893377657980e-01,-1.000000000000000000e+00
-2.235506770216488803e-01,5.933682759959992836e-01,-1.000000000000000000e+00
-2.871619646721228492e-01,6.417271965547115542e-01,-1.000000000000000000e+00
-7.843566388655744959e-01,2.344667360739549622e-02,1.000000000000000000e+00
-6.421815885778414668e-01,1.966946946758980630e-01,1.000000000000000000e+00
-7.049570332119401428e-01,2.823647144814458443e-01,-1.000000000000000000e+00
-6.304347974946722388e-01,3.481172915780916810e-01,-1.000000000000000000e+00
-7.155750011497730156e-01,6.312943443117546849e-02,1.000000000000000000e+00
-7.444233922906278167e-01,5.233287176088197157e-02,1.000000000000000000e+00
-8.095717662290553562e-01,2.571149454161059111e-02,1.000000000000000000e+00
-5.531750430298814081e-01,1.170496502142555073e-01,1.000000000000000000e+00
-3.256904308500452316e-01,5.081508900602784706e-01,-1.000000000000000000e+00
-7.785395533865084872e-01,4.477170322206802666e-02,1.000000000000000000e+00
-7.071481804655377346e-01,8.336685858648706926e-02,1.000000000000000000e+00
-6.617077349856117507e-01,1.513517564635549206e-01,1.000000000000000000e+00
-4.600543780916268588e-01,4.243405283486936241e-01,-1.000000000000000000e+00
-7.634512400918538333e-01,6.740629304658796173e-02,1.000000000000000000e+00
-5.221479070860368665e-01,2.955748341992148198e-01,-1.000000000000000000e+00
-6.176958156720502302e-01,1.806596429378259927e-01,1.000000000000000000e+00
-2.330103191534362850e-01,3.961551508637057850e-01,-1.000000000000000000e+00
-5.678058574449096341e-01,2.740088439531973563e-01,1.000000000000000000e+00
-7.090999558986368356e-01,1.238719506400229875e-01,1.000000000000000000e+00
-5.230243087571579963e-01,6.353004259290173650e-02,1.000000000000000000e+00
-7.771340076142223552e-01,1.563244816497899592e-02,1.000000000000000000e+00
-4.836726721405284479e-01,6.431117850297596306e-01,-1.000000000000000000e+00
-7.279955132485156355e-01,7.401944695175188826e-02,1.000000000000000000e+00
-7.322657547865674132e-01,7.968140374214272015e-02,1.000000000000000000e+00
-5.364142983307829127e-01,4.382070762221701443e-02,1.000000000000000000e+00
-5.727698973164478957e-01,8.347060035794129362e-02,1.000000000000000000e+00
-3.968973411892875447e-01,3.787286984170350479e-01,-1.000000000000000000e+00
-7.830111357034184039e-01,1.728319522808305919e-01,1.000000000000000000e+00
-4.037599406947265379e-01,3.507834611955331638e-01,-1.000000000000000000e+00
-3.873947065767424647e-01,3.264640079178207088e-01,-1.000000000000000000e+00
-1.977688509505242109e-01,4.735745190409943461e-01,-1.000000000000000000e+00
-5.880637346363073448e-01,4.472016728323069401e-02,1.000000000000000000e+00
-7.870388975497917272e-01,1.114263119961833581e-01,1.000000000000000000e+00
-3.892049194619175978e-01,4.570698332754545845e-01,-1.000000000000000000e+00
-5.969416590469336370e-01,8.263500438260962255e-02,1.000000000000000000e+00
-8.133504210927640088e-01,2.940319608023855835e-02,1.000000000000000000e+00
-6.607423526857019169e-01,2.691750994963513222e-01,1.000000000000000000e+00
-7.243098379694856703e-01,6.342246092390269041e-02,1.000000000000000000e+00
-7.821720451465807855e-01,1.225246826652437449e-02,1.000000000000000000e+00
-8.712491039696033113e-01,8.596924938319716603e-02,1.000000000000000000e+00
-6.175594662408911972e-01,1.520589327428751858e-01,-1.000000000000000000e+00
-6.566953627125258208e-01,4.144184553115337621e-02,1.000000000000000000e+00
-6.725484764281191019e-01,7.426293686921781045e-02,1.000000000000000000e+00
-5.699082944038309506e-01,1.767249884160264628e-01,1.000000000000000000e+00
-6.423750722744614450e-01,8.845201528896495802e-02,1.000000000000000000e+00
-5.727990488521754742e-01,2.994618397642625496e-01,-1.000000000000000000e+00
-6.644358134508365765e-01,6.913320810417644680e-02,1.000000000000000000e+00
-4.909334011790633667e-01,1.077206561240018345e-01,1.000000000000000000e+00
-3.968710316294163931e-01,5.461889534090005327e-01,-1.000000000000000000e+00
-4.585065395294805057e-01,3.805604338849661872e-01,-1.000000000000000000e+00
-4.900396090879439726e-01,4.168209463659877656e-01,-1.000000000000000000e+00
-7.398452229317626916e-01,5.330522971053142101e-02,1.000000000000000000e+00
-4.575712840924097691e-01,4.101845473414869048e-01,-1.000000000000000000e+00
-6.533516849194711540e-01,2.656857758338446729e-01,1.000000000000000000e+00
-6.178296913476515329e-01,1.950763094173453283e-01,1.000000000000000000e+00
-4.901497765822568908e-01,3.873030264512635767e-01,-1.000000000000000000e+00
-6.896525591246245313e-01,2.364505426176037872e-01,1.000000000000000000e+00
-4.271327257783923415e-01,4.107366340085718548e-01,-1.000000000000000000e+00
-7.649466799812216777e-01,2.561418283585226163e-02,1.000000000000000000e+00
-4.713961537909199251e-01,4.105104450900398660e-01,-1.000000000000000000e+00
-7.014500569239316974e-01,3.262070724667864852e-01,-1.000000000000000000e+00
-7.178107265608559828e-01,1.266476817909278907e-01,1.000000000000000000e+00
-5.924402801374526462e-01,6.477476678628590889e-02,1.000000000000000000e+00
-6.122053851659075008e-01,1.167175707360001979e-01,1.000000000000000000e+00
-8.046472158312099054e-01,4.257026934647001326e-02,1.000000000000000000e+00
-5.804943066675605223e-01,3.295685499820137920e-01,-1.000000000000000000e+00
-4.477655040113859286e-01,4.729326112110356917e-01,-1.000000000000000000e+00
-3.429516153664735612e-01,4.783230564717086963e-01,-1.000000000000000000e+00
-6.011865878826938570e-01,1.707687742309644818e-01,1.000000000000000000e+00
-3.807429440785199404e-01,4.160164580680429935e-01,-1.000000000000000000e+00
-5.725108756123518106e-01,1.327400926893460564e-01,1.000000000000000000e+00
-8.002052124647889286e-01,1.919922913657501340e-02,1.000000000000000000e+00
-6.624085365401697345e-01,3.029515571979572996e-01,-1.000000000000000000e+00
-7.505467901501106098e-01,1.032339171215426177e-01,1.000000000000000000e+00
-7.629065425235239672e-01,1.745799970558437053e-02,1.000000000000000000e+00
-6.861145897892129142e-01,5.681317349808523431e-02,1.000000000000000000e+00
-4.915101543338096235e-01,4.618093037788639776e-01,-1.000000000000000000e+00
-7.803020386891148519e-01,6.798642858484527096e-02,1.000000000000000000e+00
-6.660454713855870068e-01,1.837621952872723341e-01,1.000000000000000000e+00
-4.090497643228445668e-01,5.038782252595410682e-01,-1.000000000000000000e+00
-5.404896646814449923e-01,4.160325975644809660e-01,-1.000000000000000000e+00
-8.048263722666888498e-01,1.387956304679391906e-01,1.000000000000000000e+00
-7.599620886612683535e-01,7.600040163379162550e-02,1.000000000000000000e+00
-4.689223264940665103e-01,3.212881993822520599e-01,-1.000000000000000000e+00
-5.915601017995868460e-01,4.521915909772360465e-01,-1.000000000000000000e+00
-3.480582889951620018e-01,4.924508207877806854e-01,-1.000000000000000000e+00
-5.722558847555774264e-01,9.295862090948503464e-02,1.000000000000000000e+00
-1.248018189198774053e-01,5.407682618788385298e-01,-1.000000000000000000e+00
-7.450440142565639690e-01,5.514795755152590573e-02,1.000000000000000000e+00
-5.717516785643965704e-01,3.544036021667125169e-01,-1.000000000000000000e+00
-7.381138201380963437e-01,1.117038022639462724e-01,1.000000000000000000e+00
-5.886859145539347082e-01,3.600551403360441327e-02,1.000000000000000000e+00
-5.751335097584160394e-01,8.045274978394445498e-02,1.000000000000000000e+00
-7.387231247557792813e-01,5.029141710838302970e-02,1.000000000000000000e+00
-5.279818769122357480e-01,3.382909131905762479e-01,-1.000000000000000000e+00
-6.469511220784625039e-01,1.680480886425357312e-01,1.000000000000000000e+00
-1.759791790827875957e-01,6.137869580270489678e-01,-1.000000000000000000e+00
-6.540429230535664828e-01,4.887064138529240154e-02,1.000000000000000000e+00
-6.537549005588516593e-01,1.670994136948138475e-01,1.000000000000000000e+00
-6.781712556330603547e-01,1.291309144289698452e-01,1.000000000000000000e+00
-8.097744816150225233e-01,5.287095405947184190e-02,1.000000000000000000e+00
-6.811289302113436861e-01,3.102316230433643796e-02,1.000000000000000000e+00
-7.001286984232137911e-01,2.565548291022423655e-02,1.000000000000000000e+00
-7.926572579381172545e-01,1.490182046836707741e-02,1.000000000000000000e+00
-3.041175451053277357e-01,3.350760110952251125e-01,-1.000000000000000000e+00
-4.061637451559363399e-01,4.155232559060095809e-01,-1.000000000000000000e+00
-7.389404487184947357e-01,3.177588697872124612e-02,1.000000000000000000e+00
-7.343666305532678962e-01,4.218097322154790163e-02,1.000000000000000000e+00
-7.827435617509763688e-01,3.982321446528658271e-02,1.000000000000000000e+00
-4.449684684786916478e-01,4.505814596413983963e-01,-1.000000000000000000e+00
-7.014097590508754365e-01,8.180014802201185375e-02,1.000000000000000000e+00
-6.581243211549008265e-01,1.107673729129601270e-01,1.000000000000000000e+00
-3.440090777821751544e-01,6.472744726197561249e-01,-1.000000000000000000e+00
-5.360259905301063554e-01,3.413084577223344240e-01,-1.000000000000000000e+00
-8.500726053644029889e-01,8.721226627676514909e-02,1.000000000000000000e+00
-5.192638131056810380e-01,4.033262777793424902e-01,-1.000000000000000000e+00
-8.077376430337608326e-01,4.846402104158187285e-02,1.000000000000000000e+00
-8.195674767648597481e-01,3.703366968329646625e-02,1.000000000000000000e+00
-5.478704406268661842e-01,1.026883557497058064e-01,1.000000000000000000e+00
-5.578134489696822129e-01,1.090717889746883884e-01,1.000000000000000000e+00
-6.236349827304366045e-01,3.746387432620394975e-01,-1.000000000000000000e+00
-3.882304031776584452e-01,3.503206108543963637e-01,-1.000000000000000000e+00
-7.536034367003594525e-01,1.394392128859180957e-01,1.000000000000000000e+00
-7.708148457022616640e-01,4.242790435091592371e-02,1.000000000000000000e+00
-3.573646530089717999e-01,5.209139039880028577e-01,-1.000000000000000000e+00
-6.397649264981737360e-01,1.303004849905846640e-01,1.000000000000000000e+00
-7.570202278657234274e-01,1.923770092253107578e-02,1.000000000000000000e+00
-6.185677094117636443e-01,1.015034925239888253e-01,1.000000000000000000e+00
-6.735766576384776272e-01,8.467346864927094430e-02,1.000000000000000000e+00
-1.341794686768480460e-01,4.128970874098740751e-01,-1.000000000000000000e+00
-6.670915586582850665e-01,2.022463991015683860e-01,1.000000000000000000e+00
-7.166257690769270994e-01,9.569764330808538944e-02,1.000000000000000000e+00
-5.040949487556645181e-01,2.039266931169549935e-01,1.000000000000000000e+00
-3.121429706661729142e-01,4.003960891423048452e-01,-1.000000000000000000e+00
-8.424628815373580437e-01,4.465702627931023017e-02,1.000000000000000000e+00
-3.641348906385246664e-01,5.567876106360927224e-01,-1.000000000000000000e+00
-8.079946817933887360e-01,5.539498019243183080e-02,1.000000000000000000e+00
-8.244227268623944838e-01,3.082445197651395574e-02,1.000000000000000000e+00
-6.801005281749894493e-01,6.756839216723165009e-02,1.000000000000000000e+00
-4.543084801407530904e-01,4.787648511992301792e-01,-1.000000000000000000e+00
-5.910432740347459912e-01,6.242699426366016269e-02,1.000000000000000000e+00
-5.215066432538151275e-01,4.965666961143142544e-01,-1.000000000000000000e+00
-6.064942184270876169e-01,9.913164564295584569e-02,1.000000000000000000e+00
-6.550863705870142439e-01,9.173883135008509271e-02,1.000000000000000000e+00
-7.934433367186102259e-01,1.741265081518577063e-01,1.000000000000000000e+00
-6.349936797196278349e-01,1.505948863923549652e-01,1.000000000000000000e+00
-2.717946684672369884e-01,7.093028292379131017e-01,-1.000000000000000000e+00
-6.454987286651885370e-01,3.272132335878268350e-01,-1.000000000000000000e+00
-3.833126041290597641e-01,4.351973551074479474e-01,-1.000000000000000000e+00
-5.276552199256911990e-01,3.693779075674683554e-01,-1.000000000000000000e+00
-4.196365414882166078e-01,2.998109975123952609e-01,-1.000000000000000000e+00
-7.721111195896810386e-01,7.498386380757438019e-02,1.000000000000000000e+00
-7.748723551176226465e-01,6.067604923373437487e-02,1.000000000000000000e+00
-7.013691863166968687e-01,1.835300454858952435e-01,-1.000000000000000000e+00
-3.952899623418488773e-01,4.855238074051158037e-01,-1.000000000000000000e+00
-6.943765221940338961e-01,7.804146027956448961e-02,1.000000000000000000e+00
-3.693630754460173193e-01,4.843932546573341824e-01,-1.000000000000000000e+00
-2.715843519144982565e-01,6.446585071025765501e-01,-1.000000000000000000e+00
-4.822029859351459891e-01,2.615453129983507097e-01,-1.000000000000000000e+00
-6.169105759839794700e-01,1.306348998048179055e-01,1.000000000000000000e+00
-6.083121085721359123e-01,3.319973812540411018e-01,1.000000000000000000e+00
-7.721095600136322901e-01,4.881541730719618499e-02,1.000000000000000000e+00
-4.319362629703391576e-01,5.984127819428977091e-01,-1.000000000000000000e+00
-6.472101805138663622e-01,2.425150219896750059e-01,-1.000000000000000000e+00
-8.015949882828863338e-01,1.032785445568151772e-02,1.000000000000000000e+00
-7.738892469060374424e-01,8.272778455284424126e-02,1.000000000000000000e+00
-6.219392178354610223e-01,3.680257309097214602e-01,-1.000000000000000000e+00
-7.364182695382623933e-01,6.995439874299336225e-02,1.000000000000000000e+00
-7.740582085170899518e-01,2.633873267041053623e-02,1.000000000000000000e+00
-2.693602474637373234e-01,4.890112701305042719e-01,-1.000000000000000000e+00
-1.164057511177816195e-01,5.184782338001241442e-01,-1.000000000000000000e+00
-2.114583486072660889e-01,4.660954759383457713e-01,-1.000000000000000000e+00
-2.263738124765950488e-01,3.620438485559134278e-01,-1.000000000000000000e+00
-7.236628820537589490e-01,7.340201287297531962e-02,1.000000000000000000e+00
-2.685773906808428535e-01,4.931909293433349717e-01,-1.000000000000000000e+00
-6.953105253924150020e-01,1.280513391830027103e-01,1.000000000000000000e+00
-7.639169462663630839e-01,2.077678908790403511e-02,1.000000000000000000e+00
-6.160044445468884078e-01,5.209976470541732851e-02,1.000000000000000000e+00
-2.427472750969172921e-01,5.487287767391535453e-01,-1.000000000000000000e+00
-7.812866322792615392e-01,9.941824755696870852e-02,1.000000000000000000e+00
-7.519003820343641564e-01,6.889481065445579588e-02,1.000000000000000000e+00
-6.614276057734969072e-01,8.003267629828769714e-02,1.000000000000000000e+00
-6.692252608336275443e-01,9.752999202464707196e-02,1.000000000000000000e+00
-4.552577139656932559e-01,4.412163436427363195e-01,-1.000000000000000000e+00
-7.230729625953244977e-01,4.065279664064291865e-02,1.000000000000000000e+00
-6.852308829347748542e-01,5.222734583730925806e-02,1.000000000000000000e+00
-3.246834798337658867e-01,4.716984251281246543e-01,-1.000000000000000000e+00
-5.717543818209378514e-01,4.109956948595936410e-01,-1.000000000000000000e+00
-6.791901964134012815e-01,6.309913457516813651e-02,1.000000000000000000e+00
-7.853722958552680211e-01,1.352386580583697651e-01,1.000000000000000000e+00
-2.344886723091690328e-01,3.020031990423603929e-01,-1.000000000000000000e+00
-5.963872601569164544e-01,6.984022451797500253e-02,1.000000000000000000e+00
-4.467089681838842807e-01,3.840669076998892706e-01,-1.000000000000000000e+00
-4.604038892841799679e-01,5.463074443264304136e-01,-1.000000000000000000e+00
-7.575999058208253700e-01,3.991957290418213233e-02,1.000000000000000000e+00
-6.035232089598139282e-01,1.285770925387623720e-01,1.000000000000000000e+00
-7.453744888334767893e-01,2.171125038876198232e-02,1.000000000000000000e+00
-5.522501832492707763e-01,3.337916662494535558e-01,-1.000000000000000000e+00
-4.478662307665217668e-01,4.237312875920906663e-01,-1.000000000000000000e+00
-7.055030097471899353e-01,1.177757025725441054e-01,1.000000000000000000e+00
-7.564348141895607114e-01,5.780667180079035461e-02,1.000000000000000000e+00
-6.520196301644318737e-01,7.551608477660920471e-02,1.000000000000000000e+00
-7.626632391511520837e-01,1.031483442711760290e-01,1.000000000000000000e+00
-6.683459494188355166e-01,1.087052706188842421e-01,1.000000000000000000e+00
-5.912591382766549941e-01,1.599499056246713735e-01,-1.000000000000000000e+00
-7.060265934305789415e-01,2.168608313513686880e-02,1.000000000000000000e+00
-3.177786311789532192e-01,5.049800038686953485e-01,-1.000000000000000000e+00
-7.659257981067639776e-01,2.611317536502610892e-02,1.000000000000000000e+00
-6.659619212450706982e-01,8.880823544859595131e-02,1.000000000000000000e+00
-7.790392214665189385e-01,4.035578633192926645e-02,1.000000000000000000e+00
-5.384915406903019175e-01,2.103818648320157081e-01,1.000000000000000000e+00
-4.426263544009998441e-01,4.991238181828521192e-01,-1.000000000000000000e+00
-6.070102961616612447e-01,6.176292799045768334e-02,1.000000000000000000e+00
-5.540645224864420015e-01,3.802823445366811939e-01,-1.000000000000000000e+00
-6.848543967971636448e-01,5.047564460983267054e-02,1.000000000000000000e+00
-2.574241998304387380e-01,4.284880307377534336e-01,-1.000000000000000000e+00
-2.792202332066153758e-01,5.348592580103286309e-01,-1.000000000000000000e+00
-6.994244728957710322e-01,2.746090050859493203e-01,-1.000000000000000000e+00
-8.251773912979842862e-01,3.082422767693060450e-02,1.000000000000000000e+00
-7.778623042104300112e-01,2.936400222824886441e-02,1.000000000000000000e+00
-7.385730990896490766e-01,7.574304610238868918e-02,1.000000000000000000e+00
-7.399853552415152080e-01,4.510500222386326641e-02,1.000000000000000000e+00
-6.628074009263400512e-01,4.077143206359323813e-02,1.000000000000000000e+00
-6.062484485955792479e-01,7.610955006384756416e-02,1.000000000000000000e+00
-6.567490641245967709e-01,1.378518275014357641e-01,1.000000000000000000e+00
-7.784921138372737914e-01,1.444783451734110713e-02,1.000000000000000000e+00
-4.833105727866495727e-01,4.070646914806275163e-01,-1.000000000000000000e+00
-7.991794758563628420e-01,4.878642430412583053e-02,1.000000000000000000e+00
-7.536867959061055444e-01,1.414931455074111000e-01,1.000000000000000000e+00
-7.613378846363048069e-01,4.292123801133129746e-02,1.000000000000000000e+00
-2.483256254563457333e-01,3.639449002075707540e-01,-1.000000000000000000e+00
-7.439404751348774880e-01,5.170555092627182603e-02,1.000000000000000000e+00
-3.800900809565064264e-01,3.853707618873158935e-01,-1.000000000000000000e+00
-3.180113192811404588e-01,4.875571823540667538e-01,-1.000000000000000000e+00
-6.422173090177238919e-01,3.543352950364351273e-01,-1.000000000000000000e+00
-5.442620389749208698e-01,1.570505846866581123e-01,1.000000000000000000e+00
-7.038725445308955386e-01,1.345732045301701874e-01,1.000000000000000000e+00
-2.768561270722784684e-01,6.941805984406528296e-01,-1.000000000000000000e+00
-2.958958348859823673e-01,6.451721861456007900e-01,-1.000000000000000000e+00
-6.527331155739375390e-01,8.486253190494608134e-02,1.000000000000000000e+00
-8.010461767844390124e-01,1.727228373056277633e-02,1.000000000000000000e+00
-7.053752568444906501e-01,1.228408377828600351e-01,1.000000000000000000e+00
-5.005084012345832889e-01,1.219386492539342726e-01,-1.000000000000000000e+00
-4.622675552900545881e-01,3.351224877278582426e-01,-1.000000000000000000e+00
-6.952775778117938899e-01,1.975509744806913659e-01,1.000000000000000000e+00
-5.850349821807867556e-01,1.342144650325280963e-01,1.000000000000000000e+00
-6.198113996706524631e-01,3.328802604701195378e-01,-1.000000000000000000e+00
-6.488347174054069910e-01,7.234873668494401500e-02,1.000000000000000000e+00
-8.218720211716572521e-01,4.106502429567626677e-02,1.000000000000000000e+00
-2.835323387880634982e-01,5.275511818690574728e-01,-1.000000000000000000e+00
-8.440167462058525416e-01,4.298060566907224711e-02,1.000000000000000000e+00
-4.892416633747131982e-02,4.116107497406176208e-01,-1.000000000000000000e+00
-5.012438620269676903e-01,3.840603271055442747e-01,-1.000000000000000000e+00
-8.182625723484306945e-01,2.863934448578220326e-02,1.000000000000000000e+00
-5.040597097904537804e-01,8.799289887247141451e-02,1.000000000000000000e+00
-7.595432396046817303e-01,7.955325033981353045e-02,1.000000000000000000e+00
-5.653634863447223324e-01,3.892246065588551573e-01,-1.000000000000000000e+00
-7.676784632961926036e-01,9.286770309586245276e-02,1.000000000000000000e+00
-7.766565860074479133e-01,4.372349340701475739e-02,1.000000000000000000e+00
-6.789537873082736041e-01,3.135839391652552877e-01,-1.000000000000000000e+00
-5.520213517777392553e-01,4.424331512923345144e-01,-1.000000000000000000e+00
-5.843414589794519998e-01,4.747265971882370650e-01,-1.000000000000000000e+00
-7.894171612570062280e-01,6.545460043707862496e-02,1.000000000000000000e+00
-7.555806356249377131e-01,8.687038760399445891e-02,1.000000000000000000e+00
-5.461451808332640212e-01,2.494440528171253391e-01,-1.000000000000000000e+00
-8.202195480807858985e-01,2.368405221932334825e-02,1.000000000000000000e+00
-2.967345284218936285e-01,4.124649278628567117e-01,-1.000000000000000000e+00
-7.197710019192982145e-01,8.981580379304432427e-02,1.000000000000000000e+00
-5.410089470533421263e-01,1.413775612891186029e-01,1.000000000000000000e+00
-6.708634133392479271e-01,9.084406824695179239e-02,1.000000000000000000e+00
-6.725521638891223120e-01,1.145588091712852474e-01,1.000000000000000000e+00
-3.512076815295586130e-01,3.379304411464545410e-01,-1.000000000000000000e+00
-6.306289243075298145e-01,6.343366726650856435e-02,1.000000000000000000e+00
-7.916978608400313533e-01,7.272336660935252439e-02,1.000000000000000000e+00
-7.501569937012391165e-01,9.356402067351154983e-02,1.000000000000000000e+00
-7.627919352671597153e-01,5.002392124151811004e-02,1.000000000000000000e+00
-3.530958291812567040e-01,3.416469366056844592e-01,-1.000000000000000000e+00
-6.968392795370164094e-01,5.456007921384298243e-02,1.000000000000000000e+00
-7.249943987844744697e-01,6.551849705283530056e-02,1.000000000000000000e+00
-8.510514210420296877e-01,6.013990259270940442e-02,1.000000000000000000e+00
-5.698446013038847013e-01,8.631757394869055133e-02,1.000000000000000000e+00
-7.281284794880775735e-01,8.426066789252217859e-02,1.000000000000000000e+00
-5.283907222001289483e-01,4.774840856625814922e-01,-1.000000000000000000e+00
-8.238630936903064139e-01,1.716960621561156586e-01,1.000000000000000000e+00
-7.251177441394247580e-01,1.745055185383534990e-01,1.000000000000000000e+00
-4.130107918899739161e-01,4.517153539054561406e-01,-1.000000000000000000e+00
-6.878416359904804267e-01,1.012924118113005534e-01,1.000000000000000000e+00
-6.131990137510001659e-01,3.014178578159771860e-01,-1.000000000000000000e+00
-5.565602277320067515e-01,3.157716648620407796e-01,-1.000000000000000000e+00
-7.953041819273494184e-01,6.420412656734697521e-02,1.000000000000000000e+00
-7.104474478101110435e-01,7.958429242899001110e-02,1.000000000000000000e+00
-8.198778860314632766e-01,3.191048691223841161e-02,1.000000000000000000e+00
-7.002364712498092558e-01,3.407135958041180857e-01,-1.000000000000000000e+00
-3.549206073894310975e-01,4.009488608098763507e-01,-1.000000000000000000e+00
-7.846057844581082463e-01,2.125929761677980423e-02,1.000000000000000000e+00
-6.479535231774207205e-01,1.839017054880969226e-01,-1.000000000000000000e+00
-6.343472225780715235e-01,3.518510282010538504e-01,-1.000000000000000000e+00
-6.107143018307397142e-01,7.820396509487181902e-02,1.000000000000000000e+00
-3.791144468013953883e-01,6.482204232233925723e-01,-1.000000000000000000e+00
-4.656927608530168072e-01,5.566588691272045253e-01,-1.000000000000000000e+00
-3.561734766662993934e-01,4.755424871182185598e-01,-1.000000000000000000e+00
-7.640165324992267415e-01,4.167490362306125462e-02,1.000000000000000000e+00
-3.823430931952316314e-01,4.889368864387506619e-01,-1.000000000000000000e+00
-6.749011546653491678e-01,3.507439274362695869e-01,-1.000000000000000000e+00
-2.748765304368134821e-01,5.948075789674476255e-01,-1.000000000000000000e+00
-8.018846832637791522e-01,2.758456963056232780e-02,1.000000000000000000e+00
-2.759016268646519165e-01,4.413548523662029766e-01,-1.000000000000000000e+00
-6.235416309355059639e-01,2.249387387710157782e-01,1.000000000000000000e+00
-4.640309215167803814e-01,4.146605617848990732e-01,-1.000000000000000000e+00
-2.589061107259027494e-01,4.292963756681444920e-01,-1.000000000000000000e+00
-7.281157096113020089e-01,3.516098159161629155e-02,1.000000000000000000e+00
-7.516669949254719540e-01,6.516908496269024909e-02,1.000000000000000000e+00
-5.078188736442825757e-01,4.128499847138300538e-01,-1.000000000000000000e+00
-7.340361474671226460e-01,3.001321417032158934e-01,1.000000000000000000e+00
-5.658215355342690600e-01,9.028476121238782071e-02,1.000000000000000000e+00
-7.802553062210790813e-01,9.410350746838958003e-02,1.000000000000000000e+00
-5.600185032726585632e-01,3.285243658065155614e-01,-1.000000000000000000e+00
-6.907000289014604277e-01,2.928151153653288929e-01,-1.000000000000000000e+00
-3.216355850108811865e-01,4.329348931023559999e-01,-1.000000000000000000e+00
-1.533169731119414791e-01,5.417576809122692794e-01,-1.000000000000000000e+00
-6.580404745836858638e-01,1.457383414817741141e-01,1.000000000000000000e+00
-7.468605230333196232e-01,3.187254823205876164e-02,1.000000000000000000e+00
-6.474501217312536028e-01,3.111500185505065019e-01,-1.000000000000000000e+00
-7.946309891631244682e-01,9.449457614391576499e-02,1.000000000000000000e+00
-6.761493886583593849e-01,3.933489460268901894e-02,1.000000000000000000e+00
-7.951946888861129992e-01,6.749156057776417583e-02,1.000000000000000000e+00
-6.421811579575660289e-01,2.397828605771792354e-01,-1.000000000000000000e+00
-1.518153346378312563e-01,4.359018924315023469e-01,-1.000000000000000000e+00
-4.792068057322467212e-01,6.134077844253624789e-01,-1.000000000000000000e+00
-7.509774225618457422e-01,1.398735057446174324e-01,1.000000000000000000e+00
-7.117971975840191590e-01,5.759950587162165903e-02,1.000000000000000000e+00
-5.458061861136229709e-01,1.081943031458649784e-01,1.000000000000000000e+00
-4.768894007315793715e-01,4.642021065601511509e-01,-1.000000000000000000e+00
-7.971939955823472701e-01,4.841457518341485411e-02,1.000000000000000000e+00
-1.699191848080232603e-01,5.168232106431958073e-01,-1.000000000000000000e+00
-7.699360991828143597e-01,3.974876232678070664e-02,1.000000000000000000e+00
-7.263891859805653439e-01,3.396994176068801607e-02,1.000000000000000000e+00
-7.657390698441304266e-01,9.835668145387899131e-02,1.000000000000000000e+00
-6.267179031565319747e-01,3.470309207477839664e-01,-1.000000000000000000e+00
-8.050012271560262889e-01,2.019770746119320393e-02,1.000000000000000000e+00
-6.631190968546434306e-01,7.532472563616465777e-02,1.000000000000000000e+00
-7.082807336919358931e-01,9.092478647653479129e-02,1.000000000000000000e+00
-2.728893943112780107e-01,4.973512031901918817e-01,-1.000000000000000000e+00
-4.794566281816514675e-01,4.170648995568626560e-01,-1.000000000000000000e+00
-7.073448185237793950e-01,5.994386406018747948e-02,1.000000000000000000e+00
-8.054512342323505436e-01,4.352633626876922790e-02,1.000000000000000000e+00
-8.148234256586874835e-01,5.818824259040411562e-02,1.000000000000000000e+00
-7.254317997321777511e-01,1.250691937384544872e-01,1.000000000000000000e+00
-5.985167779672337929e-01,2.438575304586265702e-01,-1.000000000000000000e+00
-3.894213071098420187e-01,4.865253404586837860e-01,-1.000000000000000000e+00
-4.555063304251234513e-01,3.883082638858468272e-01,-1.000000000000000000e+00
-3.704480103551759385e-01,4.983064421830931678e-01,-1.000000000000000000e+00
-7.273610589127201820e-01,7.299074464754085056e-02,1.000000000000000000e+00
-5.316095057060010731e-01,9.166345640551298857e-02,1.000000000000000000e+00
-2.656774511970070307e-01,5.805521903548651608e-01,-1.000000000000000000e+00
-4.977696224923420232e-01,3.087179897484020330e-01,-1.000000000000000000e+00
-7.588677436651778407e-01,2.546006515331100672e-02,1.000000000000000000e+00
-8.064882035832852125e-01,3.398969874251633883e-02,1.000000000000000000e+00
-3.745848119342554128e-01,4.234793415926105808e-01,-1.000000000000000000e+00
-7.011418232586947852e-01,5.747067599259025883e-02,1.000000000000000000e+00
-6.463812663077987963e-01,7.933201465129968710e-02,1.000000000000000000e+00
-3.113647585705621168e-01,4.376287990307901055e-01,-1.000000000000000000e+00
-6.011983033640717622e-01,1.230323850395507179e-01,1.000000000000000000e+00
-5.925381784791170503e-01,3.414101854086766252e-01,-1.000000000000000000e+00
-3.733476990068993473e-01,3.946564189345735940e-01,-1.000000000000000000e+00
-7.764239863645343576e-01,7.678495189611567184e-02,1.000000000000000000e+00
-8.165479441704519559e-01,4.719991322053829208e-02,1.000000000000000000e+00
-5.622102029228699394e-01,4.063610752200474963e-01,-1.000000000000000000e+00
-5.926342910388484597e-01,1.748562314314767718e-01,1.000000000000000000e+00
-8.513839063862178591e-01,4.818615613294241484e-02,1.000000000000000000e+00
-7.024688981091458118e-01,7.878025636091479100e-02,1.000000000000000000e+00
-6.899855536103132181e-01,2.217100306006614119e-02,1.000000000000000000e+00
-6.047023094688483980e-01,6.245807684172177687e-02,1.000000000000000000e+00
-5.076504552200162834e-01,3.961772615144809606e-01,-1.000000000000000000e+00
-2.559156103936857107e-01,4.929442025072603428e-01,-1.000000000000000000e+00
-7.423059834472951479e-01,1.031966998561983928e-01,1.000000000000000000e+00
-4.271108927023306023e-01,5.341474833912798204e-01,-1.000000000000000000e+00
-7.046670034642374958e-01,4.462526834140589926e-02,1.000000000000000000e+00
-5.107352187369542662e-01,4.778264741689781658e-01,-1.000000000000000000e+00
-6.833482041693059728e-01,3.343818767170887440e-01,-1.000000000000000000e+00
-5.071554691648998414e-01,1.501517287597380346e-01,1.000000000000000000e+00
-6.724153705727076158e-01,1.762799072603229433e-01,1.000000000000000000e+00
-3.659862510803577607e-01,5.551641761358041549e-01,-1.000000000000000000e+00
-7.660723545122891665e-01,5.427346104988828301e-02,1.000000000000000000e+00
-7.290159641270292923e-01,3.835121399606578052e-02,1.000000000000000000e+00
-4.246177744644228369e-01,4.532639507669955492e-01,-1.000000000000000000e+00
-1.976297266955953091e-01,4.339738855924224481e-01,-1.000000000000000000e+00
-3.274666910951964383e-01,7.353266141171843628e-01,-1.000000000000000000e+00
-2.945784491930680815e-01,4.590420442764298059e-01,-1.000000000000000000e+00
-5.555310869167442434e-01,8.230427150556351990e-02,1.000000000000000000e+00
-3.935613129506236874e-01,3.802456254052231088e-01,-1.000000000000000000e+00
-2.607936899730702862e-01,6.375832322228234261e-01,-1.000000000000000000e+00
-7.756493812485132366e-01,3.992644097888842225e-02,1.000000000000000000e+00
-7.512105626187803864e-01,5.082797332670452306e-02,1.000000000000000000e+00
-3.880147521840626723e-01,5.299533014785993146e-01,-1.000000000000000000e+00
-5.715499681537039578e-01,1.412166528753004968e-01,1.000000000000000000e+00
-6.215102008936810307e-01,1.343321558524621651e-01,1.000000000000000000e+00
-7.899585973009379813e-01,1.991807220110786147e-02,1.000000000000000000e+00
-3.351376710452314001e-01,3.630647637255606242e-01,-1.000000000000000000e+00
-7.180488947487901896e-01,1.751750748371705413e-02,1.000000000000000000e+00
-7.104974438552744687e-01,2.766879519913345575e-02,1.000000000000000000e+00
-7.571828617947176099e-01,8.440440380945801735e-02,1.000000000000000000e+00
-7.105988732946570963e-01,7.663246089941821992e-02,1.000000000000000000e+00
-5.395240354355337331e-01,3.916877527190081310e-01,-1.000000000000000000e+00
-6.933219827988068573e-01,1.736942342395195737e-01,1.000000000000000000e+00
-5.200939208225463517e-01,1.213431360229151323e-01,1.000000000000000000e+00
-7.604302377367275767e-01,5.270250957983080298e-02,1.000000000000000000e+00
-7.457388878174242564e-01,9.626024372118990868e-02,1.000000000000000000e+00
-6.477217166029731743e-01,6.484190984338056296e-02,1.000000000000000000e+00
-4.415036751634033863e-01,3.581929338470217772e-01,-1.000000000000000000e+00
-2.776579238670819905e-01,5.420449355078744702e-01,-1.000000000000000000e+00
-7.507521919887949480e-01,1.179779313206381630e-01,1.000000000000000000e+00
-6.650334886508062482e-01,8.646774012595415115e-02,1.000000000000000000e+00
-7.552291691245045513e-01,7.310499140294268727e-02,1.000000000000000000e+00
-5.827224547492733109e-01,3.350301966802362585e-01,-1.000000000000000000e+00
-5.662528047942032572e-01,4.139552183842170052e-01,-1.000000000000000000e+00
-7.071559722953679739e-01,8.535499769277521409e-02,1.000000000000000000e+00
-5.351328816880709383e-01,3.671505423384360256e-01,-1.000000000000000000e+00
-7.039805742679163814e-01,7.303351839073002338e-02,1.000000000000000000e+00
-5.665458582479914185e-01,4.577035171751049347e-01,-1.000000000000000000e+00
-6.781994023795050452e-01,4.674968163635639939e-02,1.000000000000000000e+00
-2.426733732954744482e-01,4.767488314428192098e-01,-1.000000000000000000e+00
-3.103777377036749385e-01,7.113725594390416518e-01,-1.000000000000000000e+00
-7.274477640185068594e-01,3.754361226674518548e-02,1.000000000000000000e+00
-2.343462464668846224e-01,5.053111376982997172e-01,-1.000000000000000000e+00
-3.147819940968474839e-01,3.801766911710728891e-01,-1.000000000000000000e+00
-7.986842515019816346e-01,4.198248726606834680e-02,1.000000000000000000e+00
-3.642126658523920923e-01,5.801772719423752278e-01,-1.000000000000000000e+00
-4.147117012207672815e-01,6.897499352871818701e-01,-1.000000000000000000e+00
-3.818278424150776118e-01,3.848685829434543848e-01,-1.000000000000000000e+00
-7.544908496238349471e-01,8.897130254626972601e-02,1.000000000000000000e+00
-4.356614342977991328e-01,3.443487766198813915e-01,-1.000000000000000000e+00
-2.931118517453796812e-01,4.587244718877627747e-01,-1.000000000000000000e+00
-6.954658383256173693e-01,1.345168013795046136e-01,1.000000000000000000e+00
-4.575769510338432156e-01,4.679799388541141525e-01,-1.000000000000000000e+00
-8.175797098560906306e-01,1.192120184796294780e-01,1.000000000000000000e+00
-6.944651419835281558e-01,1.325108454184373841e-01,1.000000000000000000e+00
-6.692033289600658463e-01,1.300997394318983424e-01,1.000000000000000000e+00
-4.452186101043480448e-01,5.630263519851723686e-01,-1.000000000000000000e+00
-7.425075466480848263e-01,1.181116459429176757e-01,1.000000000000000000e+00
-8.482240196235579788e-01,3.804278282223094720e-02,1.000000000000000000e+00
-8.105783991777570918e-01,1.118265153490938246e-02,1.000000000000000000e+00
-3.892589099195902236e-01,2.794121201004600152e-01,-1.000000000000000000e+00
-4.234683737304294482e-01,3.373392150679137558e-01,-1.000000000000000000e+00
-7.454761906265048310e-01,1.526987159741111100e-02,1.000000000000000000e+00
-8.371927629486890510e-01,4.962082733982242644e-02,1.000000000000000000e+00
-7.144494894891977310e-01,2.848541212733834982e-02,1.000000000000000000e+00
-6.550066852864802058e-01,4.028888543598441174e-02,1.000000000000000000e+00
-6.581081080275907880e-01,2.347136982643860392e-02,1.000000000000000000e+00
-7.928405574857606553e-01,1.052160792460199445e-02,1.000000000000000000e+00
-2.881409668498235987e-01,5.553427411323355045e-01,-1.000000000000000000e+00
-2.523359770802926505e-01,5.917783960212545935e-01,-1.000000000000000000e+00
-3.385977048146742163e-01,4.646723835576267447e-01,-1.000000000000000000e+00
-7.043207974857068621e-01,4.113581519050057977e-02,1.000000000000000000e+00
-5.278546720692247618e-01,3.302783013568841852e-01,-1.000000000000000000e+00
-7.019579662119213026e-01,2.839662394399056211e-02,1.000000000000000000e+00
-7.724385325273033231e-01,9.154050837969407439e-02,1.000000000000000000e+00
-5.110710963290330255e-01,4.149904377809434664e-01,-1.000000000000000000e+00
-7.993237799528287724e-01,1.113667161553166807e-02,1.000000000000000000e+00
-7.629405427724123001e-01,1.391443407774204388e-01,1.000000000000000000e+00
-5.094387193203147035e-01,3.838892580897663720e-01,-1.000000000000000000e+00
-2.154188323820562800e-01,4.757330506145081017e-01,-1.000000000000000000e+00
-2.637546366077003768e-01,2.889405344867554959e-01,-1.000000000000000000e+00
-7.007950553379487246e-01,1.485081553109921515e-01,1.000000000000000000e+00
-5.276065561174618779e-01,3.947746348785585724e-02,1.000000000000000000e+00
-7.821089997278249939e-01,1.772311915356112877e-01,1.000000000000000000e+00
-8.562078884242509957e-01,1.038666542808641680e-01,1.000000000000000000e+00
-5.267648847457166994e-01,3.894187092191714328e-01,-1.000000000000000000e+00
-6.509277379744844438e-01,1.518173867264067667e-01,1.000000000000000000e+00
-5.962982615533292119e-01,2.443349015875355690e-01,-1.000000000000000000e+00
-7.461762335551611613e-01,7.038720421405741945e-02,1.000000000000000000e+00
-8.354914253432070836e-01,4.091043185326270759e-02,1.000000000000000000e+00
-6.306280160970345605e-01,7.829019489145139232e-02,1.000000000000000000e+00
-3.402756068344388041e-01,4.489339548654243117e-01,-1.000000000000000000e+00
-7.978840975847560912e-01,2.663427306106314063e-02,1.000000000000000000e+00
-8.596571251364366617e-01,6.725056423601927236e-02,1.000000000000000000e+00
-7.484345839948218782e-01,1.534545992253697477e-01,1.000000000000000000e+00
-5.461051333631985472e-01,5.021354391828936059e-02,1.000000000000000000e+00
-6.253727331140908063e-01,1.525056549417058704e-01,1.000000000000000000e+00
-7.605834620844689198e-01,4.251793622097466141e-02,1.000000000000000000e+00
-6.817814953828928992e-01,1.033889599202666432e-01,1.000000000000000000e+00
-7.412632605264661834e-01,1.472952886542771012e-01,1.000000000000000000e+00
-7.321910300343006384e-01,1.352318263307097368e-01,1.000000000000000000e+00
-7.137218169846164528e-01,4.624850034451810643e-02,1.000000000000000000e+00
-7.583750500925816596e-01,8.231352700386196375e-02,1.000000000000000000e+00
-8.018151877913624048e-01,1.511799776926636696e-02,1.000000000000000000e+00
-4.915334980537409137e-01,4.215287566157712718e-01,-1.000000000000000000e+00
-6.521204287946602562e-01,1.767014372489938978e-01,-1.000000000000000000e+00
-5.708107076243322808e-01,5.340283925979747437e-01,1.000000000000000000e+00
-7.080595268635079265e-01,2.853566978592425585e-02,1.000000000000000000e+00
-6.237495609275356401e-01,2.181130652534193359e-01,1.000000000000000000e+00
-6.734151983946041753e-01,2.364180187286351043e-01,-1.000000000000000000e+00
-7.769200335751520470e-01,6.236043412354774773e-02,1.000000000000000000e+00
-6.453961277675261954e-01,5.258915490048821084e-02,1.000000000000000000e+00
-3.745508935171528719e-01,4.771126637497218326e-01,-1.000000000000000000e+00
-6.678920130798360333e-01,8.761267203954048455e-02,1.000000000000000000e+00
-6.334241145475516532e-01,4.520916360115734278e-02,1.000000000000000000e+00
-4.159857472586736549e-01,3.838911564016598277e-01,-1.000000000000000000e+00
-3.002038966587861069e-01,5.054368101264117286e-01,-1.000000000000000000e+00
-7.652706738444976509e-01,1.778975978959351778e-02,1.000000000000000000e+00
-3.955352042642772403e-01,4.884119132705961874e-01,-1.000000000000000000e+00
-3.540566866698213744e-01,4.412849035458066282e-01,-1.000000000000000000e+00
-5.025913583249348449e-01,4.194765604588610586e-01,-1.000000000000000000e+00
-7.489214214656385593e-01,5.514517986739519984e-02,1.000000000000000000e+00
-6.781187972919724416e-01,1.224147428656578995e-01,1.000000000000000000e+00
-6.054024342092816369e-01,7.947009360759693664e-02,1.000000000000000000e+00
-5.650689771468933031e-01,1.942019249463555752e-01,1.000000000000000000e+00
-2.660041978997469414e-01,5.278304285529884510e-01,-1.000000000000000000e+00
-3.240641386873903684e-01,4.025624695495935157e-01,-1.000000000000000000e+00
-2.269880717403793824e-01,5.988935815348668257e-01,-1.000000000000000000e+00
-4.761631432047579437e-01,4.716210147016681731e-01,-1.000000000000000000e+00
-5.904846018706848554e-01,1.019947343384046690e-01,1.000000000000000000e+00
-6.306360315466008615e-01,5.787550985405687243e-02,1.000000000000000000e+00
-6.368991164090402890e-01,5.344661435083253309e-02,1.000000000000000000e+00
-6.883188808424165472e-01,1.541906292841304094e-01,1.000000000000000000e+00
-6.980299470305908471e-01,1.784002827480435371e-02,1.000000000000000000e+00
-6.933246433763997629e-01,3.907042022910900414e-02,1.000000000000000000e+00
-6.141199249832425267e-01,6.961700512329116464e-02,1.000000000000000000e+00
-2.960263258532904729e-01,4.364206480595385074e-01,-1.000000000000000000e+00
-7.228983250888632028e-01,7.644068480476562399e-02,1.000000000000000000e+00
-4.253477831325653824e-01,5.147238961562834447e-01,-1.000000000000000000e+00
-6.819570336047036108e-01,7.413209835794987157e-02,1.000000000000000000e+00
-8.026728774129878730e-01,2.024695504223927855e-02,1.000000000000000000e+00
-6.891950781973719131e-01,7.648513912135967985e-02,1.000000000000000000e+00
-6.346408678873558529e-01,4.225490432436345145e-01,-1.000000000000000000e+00
-7.175546430516988039e-01,8.094313624314963818e-02,1.000000000000000000e+00
-7.966050695540616289e-01,1.921781645796727389e-01,1.000000000000000000e+00
-7.895612128631910309e-01,8.837832216522656381e-02,1.000000000000000000e+00
-6.297673458811914315e-01,3.700851802386750933e-01,-1.000000000000000000e+00
-8.076273932747426443e-01,9.094562965037766844e-02,1.000000000000000000e+00
-7.135042565096227918e-01,5.318959382566390559e-02,1.000000000000000000e+00
-8.007261346483574016e-01,6.206257102530798875e-02,1.000000000000000000e+00
-7.283826673956355080e-01,6.310371161089278758e-02,1.000000000000000000e+00
-4.341115326278668363e-01,4.789296214366913773e-01,-1.000000000000000000e+00
-8.194001687843410764e-01,2.840479574661003426e-02,1.000000000000000000e+00
-7.911224843046511523e-01,1.059328892588382587e-01,1.000000000000000000e+00
-3.900411854592675809e-01,5.337691048407577910e-01,-1.000000000000000000e+00
-6.829957503905461635e-01,9.032211048906901851e-02,1.000000000000000000e+00
-8.116158998382161371e-01,5.550695779675152153e-02,1.000000000000000000e+00
-5.342804336328299541e-01,3.621106531491022906e-01,-1.000000000000000000e+00
-5.606339221631060354e-01,2.393383378657745197e-01,1.000000000000000000e+00
-7.652158071723533794e-01,1.282638651900924742e-02,1.000000000000000000e+00
-7.516200379322981462e-01,2.248379707452841103e-02,1.000000000000000000e+00
-5.272386714545973518e-01,2.968494626647952828e-01,-1.000000000000000000e+00
-6.603314027731812530e-01,4.813155949295833125e-02,1.000000000000000000e+00
-7.226382880908204243e-01,4.947825163253583014e-02,1.000000000000000000e+00
-5.277805042860563844e-01,3.788445825048256665e-01,-1.000000000000000000e+00
-1.879284426015601639e-01,3.610657540962165513e-01,-1.000000000000000000e+00
-7.797937513241777197e-01,5.418432501028291881e-02,1.000000000000000000e+00
-5.389774827831388393e-01,3.579609157850427437e-01,-1.000000000000000000e+00
-6.991065505571896210e-01,6.795133554260246456e-02,1.000000000000000000e+00
-4.875086389729403891e-01,2.897818579367594793e-01,-1.000000000000000000e+00
-6.653988690668484196e-01,1.537711611308623105e-01,1.000000000000000000e+00
-6.409717003361947718e-01,8.436373125550744589e-02,1.000000000000000000e+00
-6.953496121550415410e-01,3.949885594556690194e-02,1.000000000000000000e+00
-6.232464030981645919e-01,5.131673284631688148e-02,1.000000000000000000e+00
-7.325213708791125100e-01,6.493951098673278466e-02,1.000000000000000000e+00
-7.120283529948210344e-01,5.265334379510022700e-02,1.000000000000000000e+00
-6.010646326249116100e-01,3.876566794206155464e-01,-1.000000000000000000e+00
-5.146347194929603575e-01,4.384499417578808789e-01,-1.000000000000000000e+00
-8.674914753282791935e-01,6.717154798388946801e-02,1.000000000000000000e+00
-7.464691494133148808e-01,1.194841902979533188e-01,1.000000000000000000e+00
-6.230512058809836162e-01,7.241242396048619412e-02,1.000000000000000000e+00
-7.559863734641112387e-01,4.422439192421734333e-02,1.000000000000000000e+00
-7.352491414044379781e-01,4.419752594822057290e-02,1.000000000000000000e+00
-7.251544455939438194e-01,3.260979126207530499e-02,1.000000000000000000e+00
-4.303014654642538517e-01,4.420054781312501291e-01,-1.000000000000000000e+00
-5.220492008024848474e-01,3.423173034434512374e-01,-1.000000000000000000e+00
-7.343384061477991054e-01,7.443972780674812384e-02,1.000000000000000000e+00
-4.380243147097644396e-01,5.206492578872712329e-01,-1.000000000000000000e+00
-6.535684526061231736e-01,5.644474851214908995e-02,1.000000000000000000e+00
-6.644775636123085860e-01,1.099613582409801893e-01,1.000000000000000000e+00
-5.318439485859016713e-01,3.232898882715744548e-01,-1.000000000000000000e+00
-4.806838099912056350e-01,1.509483877725870116e-01,1.000000000000000000e+00
-7.631935341014468577e-01,1.657419134207884781e-01,1.000000000000000000e+00
-7.579176239523803815e-01,5.157108468119986355e-02,1.000000000000000000e+00
-6.209183327177925094e-01,8.570385247458034428e-02,1.000000000000000000e+00
-7.835571421310305595e-01,1.527247484773397446e-02,1.000000000000000000e+00
-8.174631015135673806e-01,1.378400315588805825e-01,1.000000000000000000e+00
-5.737592682453396264e-01,3.984204981170478277e-01,-1.000000000000000000e+00
-6.998173478868920938e-01,6.200755999998364132e-02,1.000000000000000000e+00
-6.272239367699512513e-01,1.180059885627997573e-01,1.000000000000000000e+00
-4.535026444561935932e-01,3.830827359174691082e-01,-1.000000000000000000e+00
-7.747599612266640179e-01,3.064859555161092430e-02,1.000000000000000000e+00
-7.175106583672459237e-01,6.452133362472523004e-02,1.000000000000000000e+00
-5.660648058546939865e-01,3.042729056323878467e-02,1.000000000000000000e+00
-6.930093848131946288e-01,3.272071548126405105e-01,-1.000000000000000000e+00
-4.427092042656113335e-01,5.615325763110377011e-01,-1.000000000000000000e+00
-7.032724400751249050e-01,9.030908175009244587e-02,1.000000000000000000e+00
-7.957606957352254540e-01,3.282463242067024112e-02,1.000000000000000000e+00
-7.277862033515702933e-01,5.055883614113554358e-02,1.000000000000000000e+00
-7.931860977405449376e-01,4.549966167542152107e-02,1.000000000000000000e+00
-6.265838975359656615e-01,1.000058991230616812e-01,1.000000000000000000e+00
-7.706806416817926220e-01,1.183391999347804813e-01,1.000000000000000000e+00
-3.190293131683574757e-01,5.463560673561005387e-01,-1.000000000000000000e+00
-7.086850531050004065e-01,3.517776099033653736e-02,1.000000000000000000e+00
-6.610388284643704537e-01,2.185757504121284001e-01,1.000000000000000000e+00
-7.997986039335955866e-01,3.671160819067154080e-02,1.000000000000000000e+00
-2.857850149521254934e-01,5.699362823070259765e-01,-1.000000000000000000e+00
-7.706999685324262828e-01,5.439810157986357808e-02,1.000000000000000000e+00
-8.042955421260558069e-01,2.995970367919653654e-02,1.000000000000000000e+00
-8.109068275152822025e-01,3.422155314183328301e-02,1.000000000000000000e+00
-6.699139262113931181e-01,5.169767218740162207e-02,1.000000000000000000e+00
-1.891819482225400861e-01,4.645602508608135395e-01,-1.000000000000000000e+00
-3.982453578482818557e-01,3.420924049678433221e-01,-1.000000000000000000e+00
-8.393883804892539047e-01,5.246358570002485067e-02,1.000000000000000000e+00
-7.386943738238187507e-01,1.934661417035385966e-01,1.000000000000000000e+00
-7.439670395681332593e-01,1.106322931705108203e-01,1.000000000000000000e+00
-4.998713212517031934e-01,4.654874436455429532e-01,-1.000000000000000000e+00
-7.740080408693756908e-01,5.844643764430657029e-02,1.000000000000000000e+00
-7.488432186137288227e-01,8.785346835975360591e-02,1.000000000000000000e+00
-8.156451111208298244e-01,4.176794127852190286e-02,1.000000000000000000e+00
-6.118004015916085336e-01,8.342684451054083183e-02,1.000000000000000000e+00
-6.412141154883101990e-01,1.925079851034752210e-01,1.000000000000000000e+00
-3.827646182026001043e-01,4.053299763163522584e-01,-1.000000000000000000e+00
-7.677085283867199905e-01,5.813475714239757508e-02,1.000000000000000000e+00
-7.508182886667782441e-01,9.146997539210133255e-02,1.000000000000000000e+00
-5.214359666588279651e-01,6.025087170201004483e-02,1.000000000000000000e+00
-7.510244011064060032e-01,1.914210200193338096e-01,1.000000000000000000e+00
-7.132279730285517871e-01,7.923525001388043165e-02,1.000000000000000000e+00
-8.044074005738366395e-01,2.303729281993582845e-02,1.000000000000000000e+00
-6.358555745209741872e-01,1.753617214126279578e-02,1.000000000000000000e+00
-5.106116275801468873e-01,4.064329247739806306e-01,-1.000000000000000000e+00
-6.148684162208155612e-01,4.672133281383139547e-02,1.000000000000000000e+00
-5.719622618271387182e-01,3.509513758763205260e-02,1.000000000000000000e+00
-6.277261962050033617e-01,7.500364086263289209e-02,1.000000000000000000e+00
-4.954778909541346366e-01,1.741149358895199839e-01,1.000000000000000000e+00
-6.065148569978191517e-01,8.185419240908231586e-02,1.000000000000000000e+00
-7.970446475925427876e-01,1.782214263835157908e-02,1.000000000000000000e+00
-6.975155993495718576e-01,7.509939205192495137e-02,1.000000000000000000e+00
-5.777175989505849429e-01,4.047835516958002700e-01,-1.000000000000000000e+00
-6.120276607261985191e-01,3.974209646094095660e-01,-1.000000000000000000e+00
-7.338054641659255140e-01,5.914440624474082142e-02,1.000000000000000000e+00
-5.766752691708632028e-01,3.977300063092457094e-01,-1.000000000000000000e+00
-6.276671754967537709e-01,2.842356845358153805e-01,-1.000000000000000000e+00
-6.141788579880085308e-01,2.420253367381519638e-01,1.000000000000000000e+00
-4.453507525522582000e-01,4.631116648633906152e-01,-1.000000000000000000e+00
-6.112814497319050133e-01,1.332154989941045642e-01,1.000000000000000000e+00
-7.647355272420099936e-01,7.759024268307257444e-02,1.000000000000000000e+00
-7.346790190422325395e-01,5.568673678499180824e-02,1.000000000000000000e+00
-7.698073801766440738e-01,7.963242343248566613e-02,1.000000000000000000e+00
-7.870776238414691761e-01,7.346632689586840570e-02,1.000000000000000000e+00
-6.599867295080912299e-01,1.663947408233070746e-01,1.000000000000000000e+00
-6.483782546638394706e-01,6.854686774022411555e-02,1.000000000000000000e+00
-6.132413179693685379e-01,1.852084603087860160e-01,1.000000000000000000e+00
-3.599406698831444373e-01,5.132181779954407830e-01,-1.000000000000000000e+00
-4.421767528010605020e-01,5.403884149764053291e-01,-1.000000000000000000e+00
-6.857891782101432909e-01,1.066819616298744222e-01,1.000000000000000000e+00
-1.253975993677158840e-03,3.748567006514349487e-01,-1.000000000000000000e+00
-6.918261825849185698e-01,2.345566324947867543e-02,1.000000000000000000e+00
-5.255005915241781622e-01,3.500956920324824750e-01,-1.000000000000000000e+00
-6.806545138351793867e-01,1.412940235532005318e-01,1.000000000000000000e+00
-5.968253275484585174e-01,1.187680973066562728e-01,1.000000000000000000e+00
-7.866728807875915663e-01,5.147230025977478363e-02,1.000000000000000000e+00
-7.367066004517255351e-01,2.103707750211469829e-02,1.000000000000000000e+00
-7.928943355582305230e-01,1.257927111873868853e-02,1.000000000000000000e+00
-6.413729533524019644e-01,9.616330280550755560e-02,1.000000000000000000e+00
-4.935524041075041168e-01,6.023980122390639735e-01,1.000000000000000000e+00
-6.437850978854839923e-01,3.939085099045769311e-02,1.000000000000000000e+00
-7.980996882797626313e-01,9.690887195029063150e-02,1.000000000000000000e+00
-4.901631318402337456e-01,4.036115388142889060e-01,-1.000000000000000000e+00
-6.560185105709024356e-01,7.006626309703278821e-02,1.000000000000000000e+00
-5.585798514948692173e-01,4.711854381457669660e-01,-1.000000000000000000e+00
-7.109791854272771161e-01,2.455713476956589147e-02,1.000000000000000000e+00
-5.461025601625806303e-01,4.709115123387164203e-01,-1.000000000000000000e+00
-8.023453366986359470e-01,2.524887035542633384e-02,1.000000000000000000e+00
-8.196113287522166502e-01,2.953717196214711294e-02,1.000000000000000000e+00
-3.550168516844678379e-01,4.604390572576448903e-01,-1.000000000000000000e+00
-6.917810717859538272e-01,5.147569728433154523e-02,1.000000000000000000e+00
-5.487416685018615681e-01,4.223363059845723910e-01,-1.000000000000000000e+00
-6.226678421687097398e-01,4.706486524571573682e-02,1.000000000000000000e+00
-7.755625583231449127e-01,1.534440170507878065e-02,1.000000000000000000e+00
-3.256197864484420279e-01,5.038300342675938737e-01,-1.000000000000000000e+00
-7.673353052523452789e-01,4.742619273019954562e-02,1.000000000000000000e+00
-7.653494955966380076e-01,2.001887776532385033e-02,1.000000000000000000e+00
-8.208988966471224558e-01,3.481145594560075551e-02,1.000000000000000000e+00
-8.004178086575848283e-01,2.347069359166198410e-02,1.000000000000000000e+00
-7.158926229458302259e-01,5.664083920419216156e-02,1.000000000000000000e+00
-4.255729230148972420e-01,4.019362467379323789e-01,-1.000000000000000000e+00
-5.109211892912810526e-01,4.910343845241982308e-01,-1.000000000000000000e+00
-5.675119477200496476e-01,9.233832696190802380e-02,1.000000000000000000e+00
-7.747012565941986395e-01,7.155085463818977587e-02,1.000000000000000000e+00
-7.077393655058585864e-01,3.226833003736828687e-02,1.000000000000000000e+00
-7.432671278074849397e-01,5.562530475435778499e-02,1.000000000000000000e+00
-5.920365095944362110e-01,6.446241970297705848e-02,1.000000000000000000e+00
-4.155215505379601382e-01,3.876650906313443556e-01,-1.000000000000000000e+00
-2.652658541628625244e-01,4.535483380896039307e-01,-1.000000000000000000e+00
-2.803407641986268573e-01,4.505167801544303074e-01,-1.000000000000000000e+00
-6.210465202275372576e-01,2.248471685088588856e-01,-1.000000000000000000e+00
-8.285959262357209809e-01,7.266416800848674029e-02,1.000000000000000000e+00
-7.595695283307577483e-01,5.401589466782752424e-02,1.000000000000000000e+00
-7.280283981963293627e-01,5.136327780201099813e-02,1.000000000000000000e+00
-4.744950402855465654e-01,5.616552187493653037e-01,-1.000000000000000000e+00
-6.535620927461422980e-01,1.376348727208096534e-01,1.000000000000000000e+00
-8.564433003411977552e-01,5.039325177494902164e-02,1.000000000000000000e+00
-1.398523014117358798e-01,5.617782820091861140e-01,-1.000000000000000000e+00
-1.279620641653309576e-01,6.187287538632517681e-01,-1.000000000000000000e+00
-7.198622521391371265e-01,5.216811361606232822e-02,1.000000000000000000e+00
-6.558875857554085087e-01,7.993333868944318965e-02,1.000000000000000000e+00
-7.665841592570359353e-01,1.618081674168934114e-01,1.000000000000000000e+00
-5.437448075244901702e-01,5.160715747624635696e-01,-1.000000000000000000e+00
-6.845542399969417602e-01,2.914597167400643229e-01,-1.000000000000000000e+00
-6.956316222531313542e-01,8.945117278926772997e-02,1.000000000000000000e+00
-8.170114266613381915e-01,2.381108024565037340e-02,1.000000000000000000e+00
-8.211445365304825827e-01,1.508109848073218018e-01,1.000000000000000000e+00
-4.026424755084008211e-01,5.465363243492902257e-01,-1.000000000000000000e+00
-5.871067226835293695e-01,3.773253903200384229e-01,-1.000000000000000000e+00
-3.729845882990048267e-01,4.530331915739225224e-01,-1.000000000000000000e+00
-5.912782875295476970e-01,2.848663242653515226e-01,-1.000000000000000000e+00
-5.269921477583920932e-01,4.344688583969400497e-01,-1.000000000000000000e+00
-4.263262286549434066e-01,4.161015024292282760e-01,-1.000000000000000000e+00
-7.558447165283723734e-01,3.981165080040227622e-02,1.000000000000000000e+00
-4.686817859583243262e-01,4.013453524457872845e-01,-1.000000000000000000e+00
-5.234781389299314469e-01,4.296486702078254893e-01,-1.000000000000000000e+00
-4.639972616496379487e-01,3.537404532980872318e-01,-1.000000000000000000e+00
-5.112058211561816279e-01,3.177065040435991250e-01,1.000000000000000000e+00
-7.585547495036735199e-01,1.002018941362621263e-01,1.000000000000000000e+00
-7.123018302627315279e-01,6.709434610820608214e-02,1.000000000000000000e+00
-5.581094245026179124e-01,1.207125840082881041e-01,1.000000000000000000e+00
-6.525790690739086131e-01,1.528566437664267141e-01,1.000000000000000000e+00
-6.786055307220522081e-01,2.012720861857815180e-01,-1.000000000000000000e+00
-7.935619959062023554e-01,4.798664723784895614e-02,1.000000000000000000e+00
-2.210349904271424748e-01,4.839977607916807756e-01,-1.000000000000000000e+00
-5.374150581847061403e-01,1.394805585587164387e-01,1.000000000000000000e+00
-7.254821311944397166e-01,5.348079264513216913e-02,1.000000000000000000e+00
-6.153201572742545977e-01,2.498395631846506149e-01,1.000000000000000000e+00
-5.273708828344751964e-01,4.197465905726858182e-01,-1.000000000000000000e+00
-7.621188737393822521e-01,6.955988286063075066e-02,1.000000000000000000e+00
-7.813627714931499213e-01,2.239747013663873076e-02,1.000000000000000000e+00
-7.280066164694289910e-01,5.800098680992959999e-02,1.000000000000000000e+00
-6.594866704253945500e-01,6.761337257921695709e-02,1.000000000000000000e+00
-7.922510954012977891e-01,2.646064291184302419e-02,1.000000000000000000e+00
-5.740904846697958419e-01,3.134116747642110568e-01,-1.000000000000000000e+00
-3.757242165211209795e-01,3.996668823128857184e-01,-1.000000000000000000e+00
-6.378530973379383795e-01,2.244780001201434061e-01,1.000000000000000000e+00
-8.343175089603391825e-01,3.515155498280364554e-02,1.000000000000000000e+00
-4.934497383073903620e-01,1.013678730232641101e-01,1.000000000000000000e+00
-4.683386400533890992e-01,5.018290470989086316e-01,-1.000000000000000000e+00
-2.483014028257457539e-01,4.683779485349077731e-01,-1.000000000000000000e+00
-2.471541316590446513e-01,5.355888486155890860e-01,-1.000000000000000000e+00
-5.841093048748007277e-01,4.335221247638401110e-01,-1.000000000000000000e+00
-7.924877366517080191e-01,1.211104732821013386e-01,1.000000000000000000e+00
-7.298577655237750150e-01,8.095082775980699807e-02,1.000000000000000000e+00
-6.416934019598556915e-01,6.861582821511547081e-02,1.000000000000000000e+00
-7.983875150821404532e-01,7.392817904474213719e-03,1.000000000000000000e+00
-4.015860310055359150e-01,5.443370081575267250e-01,-1.000000000000000000e+00
-3.239531708932190668e-01,5.163922501742490567e-01,-1.000000000000000000e+00
-5.973025222629075870e-01,4.229335146374069154e-02,1.000000000000000000e+00
-7.038706675448338501e-01,2.761866593209560961e-02,1.000000000000000000e+00
-2.039210589555295883e-01,5.820387379026215058e-01,-1.000000000000000000e+00
-6.957129197908216156e-01,1.005084201315185055e-01,1.000000000000000000e+00
-4.714040234948697616e-01,3.666702233222167706e-01,-1.000000000000000000e+00
-7.566069483727915213e-01,1.075808858149684966e-02,1.000000000000000000e+00
-3.932246499025495723e-01,4.817490080604329705e-01,-1.000000000000000000e+00
-6.806683794338823645e-01,1.135786521499539958e-01,1.000000000000000000e+00
-7.156076333922101185e-01,5.738318632938899100e-02,1.000000000000000000e+00
-7.480008800084760878e-01,4.531517586292466149e-02,1.000000000000000000e+00
-3.632741081128187943e-01,3.804137996266945265e-01,-1.000000000000000000e+00
-5.756665235421678517e-01,4.105241858851513825e-01,-1.000000000000000000e+00
-3.821459431901530479e-01,3.956646282003930537e-01,-1.000000000000000000e+00
-7.310942830372368917e-01,3.561151077155955136e-02,1.000000000000000000e+00
-8.135294373423676006e-01,4.284583275148179382e-02,1.000000000000000000e+00
-5.737474724883213639e-01,5.403708925587125123e-02,1.000000000000000000e+00
-8.071625114389462397e-01,2.622654111473821104e-02,1.000000000000000000e+00
-6.271624423924322400e-01,1.086016369060871511e-01,1.000000000000000000e+00
-4.596098358088056557e-01,4.198462884378386661e-01,-1.000000000000000000e+00
-6.806755408097160398e-01,2.092279149201203836e-01,1.000000000000000000e+00
-8.826192938377062092e-01,7.268752071468043141e-02,1.000000000000000000e+00
-4.254491486681217793e-01,4.828523563264752738e-01,-1.000000000000000000e+00
-7.868427569237610442e-01,1.831294089697621530e-01,1.000000000000000000e+00
-6.672011462833324913e-01,4.208448061399394646e-02,1.000000000000000000e+00
-7.266135202735313214e-01,3.163506228884216398e-02,1.000000000000000000e+00
-5.618967851896741195e-01,3.328570530902652536e-01,-1.000000000000000000e+00
-5.289362087241897825e-01,3.825899277653661557e-01,-1.000000000000000000e+00
-7.203060837764496682e-01,2.680155765592644457e-01,1.000000000000000000e+00
-6.405057504562137183e-01,2.926306173976627178e-01,-1.000000000000000000e+00
-7.204742381290998310e-01,6.314682349329814315e-02,1.000000000000000000e+00
-7.993094354169443250e-01,2.309151319786906242e-02,1.000000000000000000e+00
-7.762095220132323448e-01,4.532461656344821677e-02,1.000000000000000000e+00
-7.808293612574743747e-01,6.381315283124422422e-02,1.000000000000000000e+00
-7.492350398097187281e-01,3.277316514868289232e-02,1.000000000000000000e+00
-6.102128769243790885e-01,5.071518779186590109e-02,1.000000000000000000e+00
-7.274492143724273774e-01,2.902324161004798952e-02,1.000000000000000000e+00
-7.708618750621099025e-01,1.686707610497251153e-02,1.000000000000000000e+00
-7.147149216034449637e-01,4.296122433152049780e-02,1.000000000000000000e+00
-7.720625387737527490e-01,2.494772931095212698e-02,1.000000000000000000e+00
-6.816822645287174964e-01,3.338732860684103798e-01,-1.000000000000000000e+00
-7.803228449265589006e-01,1.044539205759065226e-01,1.000000000000000000e+00
-7.975422273193544243e-01,1.057255384585005231e-01,1.000000000000000000e+00
-4.328727352503847214e-01,3.008832353898469592e-01,-1.000000000000000000e+00
-7.921217447765229736e-01,8.054619491304038092e-02,1.000000000000000000e+00
-4.699838655178609770e-01,3.615436516774934717e-01,-1.000000000000000000e+00
-7.848513356766488869e-01,4.848351005784934387e-02,1.000000000000000000e+00
-3.149881138688215287e-01,4.216006101596576627e-01,-1.000000000000000000e+00
-6.821912901696123299e-01,4.734752297190425452e-02,1.000000000000000000e+00
-7.004657763718569186e-01,6.552303417265648022e-02,1.000000000000000000e+00
-7.325566384861303959e-01,2.368211080538458191e-01,1.000000000000000000e+00
-7.206723350109314197e-01,2.355558366798504721e-02,1.000000000000000000e+00
-6.101343397713208105e-01,4.051192904444178566e-02,1.000000000000000000e+00
-2.991809900213411311e-01,4.685510027302370872e-01,-1.000000000000000000e+00
-7.691791746983653866e-01,6.958200850931461900e-02,1.000000000000000000e+00
-7.444884770466160262e-01,3.000893506032298319e-02,1.000000000000000000e+00
-7.707285182259511203e-01,9.078227778081782162e-02,1.000000000000000000e+00
-7.595632016018498689e-01,2.626787504414096475e-02,1.000000000000000000e+00
-4.256252682134800125e-01,2.621633974122232758e-01,-1.000000000000000000e+00
-8.253811051108641550e-01,4.202370627899654210e-02,1.000000000000000000e+00
-2.905547496666258667e-01,5.972028161850175820e-01,-1.000000000000000000e+00
-6.828014335005718749e-01,1.326019409098080359e-01,1.000000000000000000e+00
-5.662886746431468055e-01,1.198370054771658033e-01,1.000000000000000000e+00
-7.984061462775571272e-01,9.432664499036036432e-02,1.000000000000000000e+00
-7.721465786744374782e-01,1.970760716358199716e-02,1.000000000000000000e+00
-5.411120653989200946e-01,2.736887577120796777e-01,-1.000000000000000000e+00
-5.128259311240981333e-01,7.123342073464300483e-02,1.000000000000000000e+00
-5.102695711548221880e-01,4.251530012825242011e-01,-1.000000000000000000e+00
-5.423334840452298522e-02,3.903468892094679177e-01,-1.000000000000000000e+00
-6.921298906090669334e-01,7.023411337286233902e-02,1.000000000000000000e+00
-1.881766641927242745e-01,7.054027333142585121e-01,-1.000000000000000000e+00
-3.784466348588466644e-01,1.903909840621054173e-01,1.000000000000000000e+00
-6.250862604010762880e-01,3.217147796749486588e-02,1.000000000000000000e+00
-7.849303084167331690e-01,1.417793091932253446e-01,1.000000000000000000e+00
-8.155719243659405038e-01,2.844587594154290855e-02,1.000000000000000000e+00
-5.272650231636362150e-01,1.233297636208590120e-01,1.000000000000000000e+00
-7.187426683012745343e-01,5.266211221169214696e-02,1.000000000000000000e+00
-6.985897544291219674e-01,8.542238264635670930e-02,1.000000000000000000e+00
-9.374054463302172735e-02,5.748653104200229791e-01,-1.000000000000000000e+00
-7.800188000519483467e-01,1.274034571051743114e-01,1.000000000000000000e+00
-6.828865604620659724e-01,3.017444808210711926e-02,1.000000000000000000e+00
-4.680794300820707576e-01,5.439320435361878481e-01,-1.000000000000000000e+00
-5.482883750837572734e-01,3.434271210589940893e-01,-1.000000000000000000e+00
-6.037898565170394249e-01,5.243439944331385050e-02,1.000000000000000000e+00
-4.725958117978734663e-01,1.206759739543485921e-01,1.000000000000000000e+00
-7.928153846733039245e-01,7.556300846044905484e-02,1.000000000000000000e+00
-7.809162484190892428e-01,2.499269909458234906e-02,1.000000000000000000e+00
-4.031344600898592034e-01,1.025732447051268537e-01,1.000000000000000000e+00
-4.594535149662988260e-01,4.803243975911755115e-01,-1.000000000000000000e+00
-3.928085461120645050e-01,5.027492763983900659e-01,-1.000000000000000000e+00
-7.373218284883478191e-01,4.003363382798852399e-02,1.000000000000000000e+00
-7.114228253121837042e-01,7.288693952432367951e-02,1.000000000000000000e+00
-7.491867522621760145e-01,1.415011324279475957e-01,1.000000000000000000e+00
-7.257809411568132418e-01,8.746137920365981699e-02,1.000000000000000000e+00
-6.870720906281349016e-01,1.070778161556518171e-01,1.000000000000000000e+00
-4.432806861514109187e-01,3.902687054505804554e-01,-1.000000000000000000e+00
-5.749761394617962651e-01,3.664413987571606413e-01,-1.000000000000000000e+00
-6.435823475303550367e-01,9.607360892368888017e-02,1.000000000000000000e+00
-7.757800380350090563e-01,2.333571121562272310e-02,1.000000000000000000e+00
-6.473162291786138667e-01,8.248904614811181091e-02,1.000000000000000000e+00
-3.916065808271014248e-01,4.921984621996671194e-01,-1.000000000000000000e+00
-7.639463704836089164e-01,6.871478288667276502e-02,1.000000000000000000e+00
-2.861332297507033218e-01,6.674086702187196352e-01,-1.000000000000000000e+00
-8.115518376562249614e-01,1.996077545118168928e-02,1.000000000000000000e+00
-6.477751881648146082e-01,1.037580491611151956e-01,1.000000000000000000e+00
-6.136586467627012098e-01,2.406324347089139337e-02,1.000000000000000000e+00
-5.899127249249431770e-01,3.537091112157213502e-01,-1.000000000000000000e+00
-7.691859496262622997e-01,9.416798537131398916e-02,1.000000000000000000e+00
-6.426945234379672911e-01,2.453108990812324919e-01,-1.000000000000000000e+00
-3.015150003711823956e-01,5.609741003845556406e-01,-1.000000000000000000e+00
-7.463836349343182519e-01,1.036420780874323100e-01,1.000000000000000000e+00
-5.328113301566190785e-01,1.995620103516557720e-01,1.000000000000000000e+00
-6.598744942893972620e-01,4.614998764009214938e-02,1.000000000000000000e+00
-5.460499507935310248e-01,8.947929795976961032e-02,1.000000000000000000e+00
-7.685071045198128559e-01,2.616407423920463771e-02,1.000000000000000000e+00
-3.990225267389178043e-01,5.379350930343207438e-01,-1.000000000000000000e+00
-7.439068614985444583e-01,8.038679325545672327e-02,1.000000000000000000e+00
-7.378146193277643761e-01,5.577084560718503781e-02,1.000000000000000000e+00
-7.339604325861728285e-01,1.328448454369208775e-01,1.000000000000000000e+00
-7.694300115490477765e-01,9.603002199219190516e-02,1.000000000000000000e+00
-6.579083400029048789e-01,1.178564322544843890e-01,1.000000000000000000e+00
-4.740214881094289012e-01,4.650366045389091596e-01,-1.000000000000000000e+00
-7.042798763031896669e-01,5.964796592161292210e-02,1.000000000000000000e+00
-2.266172354356967844e-01,4.079613631329266354e-01,-1.000000000000000000e+00
-7.371661260585824493e-01,6.837142170843435451e-02,1.000000000000000000e+00
-3.157222182362602325e-01,3.092765042929386254e-01,-1.000000000000000000e+00
-3.895899389970054472e-01,4.828125286735485133e-01,-1.000000000000000000e+00
-8.081052814222857705e-01,5.863961842078424525e-02,1.000000000000000000e+00
-6.892666735129751032e-01,8.326835304251289926e-02,1.000000000000000000e+00
-6.529937883969978429e-01,4.612684447783976793e-02,1.000000000000000000e+00
-4.461821585937286727e-01,5.522477383055957034e-01,-1.000000000000000000e+00
-7.893596606081700884e-01,1.340426011447561905e-01,1.000000000000000000e+00
-6.901311675464967266e-01,3.719896633992902935e-02,1.000000000000000000e+00
-7.135432578761538025e-01,2.085587746041710488e-01,1.000000000000000000e+00
-7.676996527370647527e-01,3.703561383008491248e-02,1.000000000000000000e+00
-6.418218004182563163e-01,2.596053808956639841e-01,1.000000000000000000e+00
-6.765985148376785219e-01,1.309535161417443305e-01,1.000000000000000000e+00
-3.368609891804226208e-01,4.284985418416908942e-01,-1.000000000000000000e+00
-6.482826088013098342e-01,8.181892425272963010e-02,1.000000000000000000e+00
-7.010738567805674393e-01,3.671211832988774404e-02,1.000000000000000000e+00
-5.172478636577579891e-01,5.295737740052572917e-01,-1.000000000000000000e+00
-8.022584947975701652e-01,2.870540785079356283e-02,1.000000000000000000e+00
-6.561557077657198533e-01,1.832546232908498496e-01,1.000000000000000000e+00
-2.253030348401807714e-01,4.666776707854296546e-01,-1.000000000000000000e+00
-4.379945260880049318e-01,2.690021755406633019e-01,1.000000000000000000e+00
-4.891679489592206664e-01,1.655994667526101694e-01,1.000000000000000000e+00
-6.157432487452751957e-01,4.285599790455307811e-02,1.000000000000000000e+00
-4.714823574186084443e-01,4.004695721177995438e-01,-1.000000000000000000e+00
-5.594144314745790325e-01,1.578335589874768630e-01,1.000000000000000000e+00
-5.394474207241728436e-01,3.937740521723753773e-01,-1.000000000000000000e+00
-2.623904481606587069e-01,4.694668012853071559e-01,-1.000000000000000000e+00
-4.983524521012441255e-01,3.876596414920641109e-01,-1.000000000000000000e+00
-8.330582764301652787e-01,5.582948462324566208e-02,1.000000000000000000e+00
-6.212039964466384845e-01,5.051715394438360818e-02,1.000000000000000000e+00
-1.041311926271646371e-01,5.132316617059586861e-01,-1.000000000000000000e+00
-6.489890860393643379e-01,2.631390917667886242e-02,1.000000000000000000e+00
-7.536966665575164370e-01,5.497059704794082791e-02,1.000000000000000000e+00
-7.398684031504672021e-01,8.028610559995286167e-02,1.000000000000000000e+00
-6.940866828954312950e-01,1.469493382610380650e-01,1.000000000000000000e+00
-5.119275964764256059e-01,4.650391608533936960e-01,-1.000000000000000000e+00
-7.633857579448886099e-01,6.269109116146864835e-02,1.000000000000000000e+00
-5.638887560635339469e-01,3.078898119274526834e-01,-1.000000000000000000e+00
-5.591331336618168280e-01,1.619464642135426402e-01,1.000000000000000000e+00
-3.633149496140504198e-01,4.617177126101523754e-01,-1.000000000000000000e+00
-5.804633372463285923e-01,2.577813120296923444e-01,-1.000000000000000000e+00
-6.852047361335280584e-01,3.507861049365601502e-02,1.000000000000000000e+00
-6.588652391092182370e-01,6.915231936363852583e-02,1.000000000000000000e+00
-6.961165640095714480e-01,1.039710749173536897e-01,1.000000000000000000e+00
-8.166260706639150158e-01,4.017309771734289825e-02,1.000000000000000000e+00
-5.869038143464422319e-01,4.470242651223088615e-01,-1.000000000000000000e+00
-4.481736240741156507e-01,5.250441479802248068e-01,-1.000000000000000000e+00
-7.106130546962958761e-01,1.310683862393489107e-01,1.000000000000000000e+00
-4.561876831685367506e-01,1.095991875845356844e-01,1.000000000000000000e+00
-6.385758371131942113e-01,6.031330030737080961e-02,1.000000000000000000e+00
-5.041812700374066480e-01,4.572744980087009026e-01,-1.000000000000000000e+00
-5.825449706362633151e-01,2.604517606632725801e-01,-1.000000000000000000e+00
